,institution_id,source_id,member_id,grid_label,zstore_siconc,version,zstore_so,version_x,zstore_thetao,version_y,xname,yname,lonname,latname,zname,type,type_ice,zstore_hfds,zstore_mlotst,zstore_sithick,zstore_tos,zstore_sos,zstore_sivol,resolution
0,CAMS,CAMS-CSM1-0,r1i1p1f1,gn,gs://cmip6/CMIP6/CMIP/CAMS/CAMS-CSM1-0/piControl/r1i1p1f1/SImon/siconc/gn/v20190729/,20190729,gs://cmip6/CMIP6/CMIP/CAMS/CAMS-CSM1-0/piControl/r1i1p1f1/Omon/so/gn/v20190729/,20190729,gs://cmip6/CMIP6/CMIP/CAMS/CAMS-CSM1-0/piControl/r1i1p1f1/Omon/thetao/gn/v20190729/,20190729,i,j,longitude,latitude,lev,MOM,SIS,gs://cmip6/CMIP6/CMIP/CAMS/CAMS-CSM1-0/piControl/r1i1p1f1/Omon/hfds/gn/v20190729/,,,gs://cmip6/CMIP6/CMIP/CAMS/CAMS-CSM1-0/piControl/r1i1p1f1/Omon/tos/gn/v20190729/,,/glade/collections/cmip/CMIP6/CMIP/CAMS/CAMS-CSM1-0/piControl/r1i1p1f1/SImon/sivol/gn/v20190729/sivol/,360 x 200
1,BCC,BCC-CSM2-MR,r1i1p1f1,gn,gs://cmip6/CMIP6/CMIP/BCC/BCC-CSM2-MR/piControl/r1i1p1f1/SImon/siconc/gn/v20200219/,20200219,gs://cmip6/CMIP6/CMIP/BCC/BCC-CSM2-MR/piControl/r1i1p1f1/Omon/so/gn/v20181015/,20181015,gs://cmip6/CMIP6/CMIP/BCC/BCC-CSM2-MR/piControl/r1i1p1f1/Omon/thetao/gn/v20181015/,20181015,lon,lat,longitude,latitude,lev,MOM,SIS,,gs://cmip6/CMIP6/CMIP/BCC/BCC-CSM2-MR/piControl/r1i1p1f1/Omon/mlotst/gn/v20181015/,,gs://cmip6/CMIP6/CMIP/BCC/BCC-CSM2-MR/piControl/r1i1p1f1/Omon/tos/gn/v20181015/,gs://cmip6/CMIP6/CMIP/BCC/BCC-CSM2-MR/piControl/r1i1p1f1/Omon/sos/gn/v20181015/,gs://cmip6/CMIP6/CMIP/BCC/BCC-CSM2-MR/piControl/r1i1p1f1/SImon/sivol/gn/v20181012/,360 x 232
2,BCC,BCC-ESM1,r1i1p1f1,gn,gs://cmip6/CMIP6/CMIP/BCC/BCC-ESM1/piControl/r1i1p1f1/SImon/siconc/gn/v20200219/,20200219,gs://cmip6/CMIP6/CMIP/BCC/BCC-ESM1/piControl/r1i1p1f1/Omon/so/gn/v20181218/,20181218,gs://cmip6/CMIP6/CMIP/BCC/BCC-ESM1/piControl/r1i1p1f1/Omon/thetao/gn/v20181218/,20181218,lon,lat,longitude,latitude,lev,MOM,SIS,,gs://cmip6/CMIP6/CMIP/BCC/BCC-ESM1/piControl/r1i1p1f1/Omon/mlotst/gn/v20181218/,,gs://cmip6/CMIP6/CMIP/BCC/BCC-ESM1/piControl/r1i1p1f1/Omon/tos/gn/v20181218/,gs://cmip6/CMIP6/CMIP/BCC/BCC-ESM1/piControl/r1i1p1f1/Omon/sos/gn/v20181218/,gs://cmip6/CMIP6/CMIP/BCC/BCC-ESM1/piControl/r1i1p1f1/SImon/sivol/gn/v20181214/,360 x 232
3,CSIRO,ACCESS-ESM1-5,r1i1p1f1,gn,/glade/collections/cmip/CMIP6/CMIP/CSIRO/ACCESS-ESM1-5/piControl/r1i1p1f1/SImon/siconc/gn/v20191214/siconc/,20210316,gs://cmip6/CMIP6/CMIP/CSIRO/ACCESS-ESM1-5/piControl/r1i1p1f1/Omon/so/gn/v20191214/,20191214,gs://cmip6/CMIP6/CMIP/CSIRO/ACCESS-ESM1-5/piControl/r1i1p1f1/Omon/thetao/gn/v20191214,20191214,i,j,longitude,latitude,lev,MOM,CICE,gs://cmip6/CMIP6/CMIP/CSIRO/ACCESS-ESM1-5/piControl/r1i1p1f1/Omon/hfds/gn/v20191214/,,gs://cmip6/CMIP6/CMIP/CSIRO/ACCESS-ESM1-5/piControl/r1i1p1f1/SImon/sithick/gn/v20200817/,gs://cmip6/CMIP6/CMIP/CSIRO/ACCESS-ESM1-5/piControl/r1i1p1f1/Omon/tos/gn/v20210316/,gs://cmip6/CMIP6/CMIP/CSIRO/ACCESS-ESM1-5/piControl/r1i1p1f1/Omon/sos/gn/v20210316/,gs://cmip6/CMIP6/CMIP/CSIRO/ACCESS-ESM1-5/piControl/r1i1p1f1/SImon/sivol/gn/v20200817/,360 x 300
4,CSIRO-ARCCSS,ACCESS-CM2,r1i1p1f1,gn,gs://cmip6/CMIP6/CMIP/CSIRO-ARCCSS/ACCESS-CM2/piControl/r1i1p1f1/SImon/siconc/gn/v20200817/,20200817,gs://cmip6/CMIP6/CMIP/CSIRO-ARCCSS/ACCESS-CM2/piControl/r1i1p1f1/Omon/so/gn/v20191112/,20191112,gs://cmip6/CMIP6/CMIP/CSIRO-ARCCSS/ACCESS-CM2/piControl/r1i1p1f1/Omon/thetao/gn/v20191112/,20191112,i,j,longitude,latitude,lev,MOM,CICE,gs://cmip6/CMIP6/CMIP/CSIRO-ARCCSS/ACCESS-CM2/piControl/r1i1p1f1/Omon/hfds/gn/v20191112/,gs://cmip6/CMIP6/CMIP/CSIRO-ARCCSS/ACCESS-CM2/piControl/r1i1p1f1/Omon/mlotst/gn/v20191112/,gs://cmip6/CMIP6/CMIP/CSIRO-ARCCSS/ACCESS-CM2/piControl/r1i1p1f1/SImon/sithick/gn/v20200817/,gs://cmip6/CMIP6/CMIP/CSIRO-ARCCSS/ACCESS-CM2/piControl/r1i1p1f1/Omon/tos/gn/v20191112/,gs://cmip6/CMIP6/CMIP/CSIRO-ARCCSS/ACCESS-CM2/piControl/r1i1p1f1/Omon/sos/gn/v20191112/,gs://cmip6/CMIP6/CMIP/CSIRO-ARCCSS/ACCESS-CM2/piControl/r1i1p1f1/SImon/sivol/gn/v20200817/,360 x 300 
5,NOAA-GFDL,GFDL-CM4,r1i1p1f1,gn,gs://cmip6/CMIP6/CMIP/NOAA-GFDL/GFDL-CM4/piControl/r1i1p1f1/SImon/siconc/gn/v20180701/,20180701,gs://cmip6/CMIP6/CMIP/NOAA-GFDL/GFDL-CM4/piControl/r1i1p1f1/Omon/so/gn/v20180701/,20180701,gs://cmip6/CMIP6/CMIP/NOAA-GFDL/GFDL-CM4/piControl/r1i1p1f1/Omon/thetao/gn/v20180701/,20180701,x,y,lon,lat,lev,MOM,SIS,gs://cmip6/CMIP6/CMIP/NOAA-GFDL/GFDL-CM4/piControl/r1i1p1f1/Omon/hfds/gn/v20180701/,,gs://cmip6/CMIP6/CMIP/NOAA-GFDL/GFDL-CM4/piControl/r1i1p1f1/SImon/sithick/gn/v20180701/,gs://cmip6/CMIP6/CMIP/NOAA-GFDL/GFDL-CM4/piControl/r1i1p1f1/Omon/tos/gn/v20190201/,gs://cmip6/CMIP6/CMIP/NOAA-GFDL/GFDL-CM4/piControl/r1i1p1f1/Omon/sos/gn/v20180701/,gs://cmip6/CMIP6/CMIP/NOAA-GFDL/GFDL-CM4/piControl/r1i1p1f1/SImon/sivol/gn/v20180701/,1440 x 1080
6,NOAA-GFDL,GFDL-ESM4,r1i1p1f1,gn,gs://cmip6/CMIP6/CMIP/NOAA-GFDL/GFDL-ESM4/piControl/r1i1p1f1/SImon/siconc/gn/v20180701/,20180701,gs://cmip6/CMIP6/CMIP/NOAA-GFDL/GFDL-ESM4/piControl/r1i1p1f1/Omon/so/gn/v20180701/,20180701,gs://cmip6/CMIP6/CMIP/NOAA-GFDL/GFDL-ESM4/piControl/r1i1p1f1/Omon/thetao/gn/v20180701/,20180701,x,y,lon,lat,lev,MOM,SIS,gs://cmip6/CMIP6/CMIP/NOAA-GFDL/GFDL-ESM4/piControl/r1i1p1f1/Omon/hfds/gn/v20180701/,gs://cmip6/CMIP6/CMIP/NOAA-GFDL/GFDL-ESM4/piControl/r1i1p1f1/Omon/mlotst/gn/v20180701/,gs://cmip6/CMIP6/CMIP/NOAA-GFDL/GFDL-ESM4/piControl/r1i1p1f1/SImon/sithick/gn/v20180701/,gs://cmip6/CMIP6/CMIP/NOAA-GFDL/GFDL-ESM4/piControl/r1i1p1f1/Omon/tos/gn/v20180701/,gs://cmip6/CMIP6/CMIP/NOAA-GFDL/GFDL-ESM4/piControl/r1i1p1f1/Omon/sos/gn/v20180701/,gs://cmip6/CMIP6/CMIP/NOAA-GFDL/GFDL-ESM4/piControl/r1i1p1f1/SImon/sivol/gn/v20180701/,720 x 576
7,INM,INM-CM4-8,r1i1p1f1,gr1,gs://cmip6/CMIP6/CMIP/INM/INM-CM4-8/piControl/r1i1p1f1/SImon/siconc/gr1/v20190605/,20190605,gs://cmip6/CMIP6/CMIP/INM/INM-CM4-8/piControl/r1i1p1f1/Omon/so/gr1/v20190605/,20190605,gs://cmip6/CMIP6/CMIP/INM/INM-CM4-8/piControl/r1i1p1f1/Omon/thetao/gr1/v20190605/,20190605,lon,lat,,,lev,INM,INM-ICE,,,,gs://cmip6/CMIP6/CMIP/INM/INM-CM4-8/piControl/r1i1p1f1/Omon/tos/gr1/v20190605/,gs://cmip6/CMIP6/CMIP/INM/INM-CM4-8/piControl/r1i1p1f1/Omon/sos/gr1/v20190605/,,360 x 318
8,SNU,SAM0-UNICON,r1i1p1f1,gn,gs://cmip6/CMIP6/CMIP/SNU/SAM0-UNICON/piControl/r1i1p1f1/SImon/siconc/gn/v20190910/,20190910,gs://cmip6/CMIP6/CMIP/SNU/SAM0-UNICON/piControl/r1i1p1f1/Omon/so/gn/v20190910/,20190910,gs://cmip6/CMIP6/CMIP/SNU/SAM0-UNICON/piControl/r1i1p1f1/Omon/thetao/gn/v20190910/,20190910,i,j,longitude,latitude,lev,POP,CICE,/glade/collections/cmip/CMIP6/CMIP/SNU/SAM0-UNICON/piControl/r1i1p1f1/Omon/hfds/gn/v20190323/hfds/,,gs://cmip6/CMIP6/CMIP/SNU/SAM0-UNICON/piControl/r1i1p1f1/SImon/sithick/gn/v20190910/,gs://cmip6/CMIP6/CMIP/SNU/SAM0-UNICON/piControl/r1i1p1f1/Omon/tos/gn/v20190910/,gs://cmip6/CMIP6/CMIP/SNU/SAM0-UNICON/piControl/r1i1p1f1/Omon/sos/gn/v20190910/,gs://cmip6/CMIP6/CMIP/SNU/SAM0-UNICON/piControl/r1i1p1f1/SImon/sivol/gn/v20190910/,320 x 384
9,THU,CIESM,r1i1p1f1,gn,gs://cmip6/CMIP6/CMIP/THU/CIESM/piControl/r1i1p1f1/SImon/siconc/gn/v20200420/,20200420,gs://cmip6/CMIP6/CMIP/THU/CIESM/piControl/r1i1p1f1/Omon/so/gn/v20200417/,20200417,gs://cmip6/CMIP6/CMIP/THU/CIESM/piControl/r1i1p1f1/Omon/thetao/gn/v20200220/,20200220,i,j,longitude,latitude,lev,POP,CICE,gs://cmip6/CMIP6/CMIP/THU/CIESM/piControl/r1i1p1f1/Omon/hfds/gn/v20200220/,,gs://cmip6/CMIP6/CMIP/THU/CIESM/piControl/r1i1p1f1/SImon/sithick/gn/v20200420/,gs://cmip6/CMIP6/CMIP/THU/CIESM/piControl/r1i1p1f1/Omon/tos/gn/v20200220/,gs://cmip6/CMIP6/CMIP/THU/CIESM/piControl/r1i1p1f1/Omon/sos/gn/v20200220/,gs://cmip6/CMIP6/CMIP/THU/CIESM/piControl/r1i1p1f1/SImon/sivol/gn/v20200420/,720 x 560
10,NCAR,CESM2,r1i1p1f1,gn,gs://cmip6/CMIP6/CMIP/NCAR/CESM2/piControl/r1i1p1f1/SImon/siconc/gn/v20190320/,20190320,gs://cmip6/CMIP6/CMIP/NCAR/CESM2/piControl/r1i1p1f1/Omon/so/gn/v20190320/,20190320,gs://cmip6/CMIP6/CMIP/NCAR/CESM2/piControl/r1i1p1f1/Omon/thetao/gn/v20190320/,20190320,nlon,nlat,lon,lat,lev,POP,CICE,gs://cmip6/CMIP6/CMIP/NCAR/CESM2/piControl/r1i1p1f1/Omon/hfds/gn/v20190320/,gs://cmip6/CMIP6/CMIP/NCAR/CESM2/piControl/r1i1p1f1/Omon/mlotst/gn/v20190320/,gs://cmip6/CMIP6/CMIP/NCAR/CESM2/piControl/r1i1p1f1/SImon/sithick/gn/v20190320/,gs://cmip6/CMIP6/CMIP/NCAR/CESM2/piControl/r1i1p1f1/Omon/tos/gn/v20190320/,gs://cmip6/CMIP6/CMIP/NCAR/CESM2/piControl/r1i1p1f1/Omon/sos/gn/v20190320/,gs://cmip6/CMIP6/CMIP/NCAR/CESM2/piControl/r1i1p1f1/SImon/sivol/gn/v20190320/,320 x 384
11,NCAR,CESM2-FV2,r1i1p1f1,gn,gs://cmip6/CMIP6/CMIP/NCAR/CESM2-FV2/piControl/r1i1p1f1/SImon/siconc/gn/v20191120/,20191120,gs://cmip6/CMIP6/CMIP/NCAR/CESM2-FV2/piControl/r1i1p1f1/Omon/so/gn/v20191120/,20191120,gs://cmip6/CMIP6/CMIP/NCAR/CESM2-FV2/piControl/r1i1p1f1/Omon/thetao/gn/v20191120/,20191120,nlon,nlat,lon,lat,lev,POP,CICE,gs://cmip6/CMIP6/CMIP/NCAR/CESM2-FV2/piControl/r1i1p1f1/Omon/hfds/gn/v20191120/,gs://cmip6/CMIP6/CMIP/NCAR/CESM2-FV2/piControl/r1i1p1f1/Omon/mlotst/gn/v20191120/,gs://cmip6/CMIP6/CMIP/NCAR/CESM2-FV2/piControl/r1i1p1f1/SImon/sithick/gn/v20191120/,gs://cmip6/CMIP6/CMIP/NCAR/CESM2-FV2/piControl/r1i1p1f1/Omon/tos/gn/v20191120/,gs://cmip6/CMIP6/CMIP/NCAR/CESM2-FV2/piControl/r1i1p1f1/Omon/sos/gn/v20191120/,gs://cmip6/CMIP6/CMIP/NCAR/CESM2-FV2/piControl/r1i1p1f1/SImon/sivol/gn/v20191120/,320 x 384
12,NCAR,CESM2-WACCM,r1i1p1f1,gn,gs://cmip6/CMIP6/CMIP/NCAR/CESM2-WACCM/piControl/r1i1p1f1/SImon/siconc/gn/v20190320/,20190320,gs://cmip6/CMIP6/CMIP/NCAR/CESM2-WACCM/piControl/r1i1p1f1/Omon/so/gn/v20190320/,20190320,gs://cmip6/CMIP6/CMIP/NCAR/CESM2-WACCM/piControl/r1i1p1f1/Omon/thetao/gn/v20190320/,20190320,nlon,nlat,lon,lat,lev,POP,CICE,gs://cmip6/CMIP6/CMIP/NCAR/CESM2-WACCM/piControl/r1i1p1f1/Omon/hfds/gn/v20190320/,gs://cmip6/CMIP6/CMIP/NCAR/CESM2-WACCM/piControl/r1i1p1f1/Omon/mlotst/gn/v20190320/,gs://cmip6/CMIP6/CMIP/NCAR/CESM2-WACCM/piControl/r1i1p1f1/SImon/sithick/gn/v20190320/,gs://cmip6/CMIP6/CMIP/NCAR/CESM2-WACCM/piControl/r1i1p1f1/Omon/tos/gn/v20190320/,gs://cmip6/CMIP6/CMIP/NCAR/CESM2-WACCM/piControl/r1i1p1f1/Omon/sos/gn/v20190320/,gs://cmip6/CMIP6/CMIP/NCAR/CESM2-WACCM/piControl/r1i1p1f1/SImon/sivol/gn/v20190320/,320 x 384
13,NCAR,CESM2-WACCM-FV2,r1i1p1f1,gn,gs://cmip6/CMIP6/CMIP/NCAR/CESM2-WACCM-FV2/piControl/r1i1p1f1/SImon/siconc/gn/v20191120/,20191120,gs://cmip6/CMIP6/CMIP/NCAR/CESM2-WACCM-FV2/piControl/r1i1p1f1/Omon/so/gn/v20191120/,20191120,gs://cmip6/CMIP6/CMIP/NCAR/CESM2-WACCM-FV2/piControl/r1i1p1f1/Omon/thetao/gn/v20191120/,20191120,nlon,nlat,lon,lat,lev,POP,CICE,gs://cmip6/CMIP6/CMIP/NCAR/CESM2-WACCM-FV2/piControl/r1i1p1f1/Omon/hfds/gn/v20191120/,gs://cmip6/CMIP6/CMIP/NCAR/CESM2-WACCM-FV2/piControl/r1i1p1f1/Omon/mlotst/gn/v20191120/,gs://cmip6/CMIP6/CMIP/NCAR/CESM2-WACCM-FV2/piControl/r1i1p1f1/SImon/sithick/gn/v20191120/,gs://cmip6/CMIP6/CMIP/NCAR/CESM2-WACCM-FV2/piControl/r1i1p1f1/Omon/tos/gn/v20191120/,gs://cmip6/CMIP6/CMIP/NCAR/CESM2-WACCM-FV2/piControl/r1i1p1f1/Omon/sos/gn/v20191120/,gs://cmip6/CMIP6/CMIP/NCAR/CESM2-WACCM-FV2/piControl/r1i1p1f1/SImon/sivol/gn/v20191120/,320 x 384
14,CAS,CAS-ESM2-0,r1i1p1f1,gn,,,gs://cmip6/CMIP6/CMIP/CAS/CAS-ESM2-0/piControl/r1i1p1f1/Omon/so/gn/v20200307,20200307,gs://cmip6/CMIP6/CMIP/CAS/CAS-ESM2-0/piControl/r1i1p1f1/Omon/thetao/gn/v20200307,20200307,i,j,longitude,latitude,lev,LICOM,CICE,,gs://cmip6/CMIP6/CMIP/CAS/CAS-ESM2-0/piControl/r1i1p1f1/Omon/mlotst/gn/v20201227/,,gs://cmip6/CMIP6/CMIP/CAS/CAS-ESM2-0/piControl/r1i1p1f1/Omon/tos/gn/v20210113/,gs://cmip6/CMIP6/CMIP/CAS/CAS-ESM2-0/piControl/r1i1p1f1/Omon/sos/gn/v20210113/,gs://cmip6/CMIP6/CMIP/CAS/CAS-ESM2-0/piControl/r1i1p1f1/SImon/sivol/gn/v20201225/,362 x 196
15,CAS,FGOALS-g3,r1i1p1f1,gn,,,gs://cmip6/CMIP6/CMIP/CAS/FGOALS-g3/piControl/r1i1p1f1/Omon/so/gn/v20191126/,20191126,gs://cmip6/CMIP6/CMIP/CAS/FGOALS-g3/piControl/r1i1p1f1/Omon/thetao/gn/v20191126/,20191126,i,j,longitude,latitude,lev,LICOM,CICE,gs://cmip6/CMIP6/CMIP/CAS/FGOALS-g3/piControl/r1i1p1f1/Omon/hfds/gn/v20191126/,gs://cmip6/CMIP6/CMIP/CAS/FGOALS-g3/piControl/r1i1p1f1/Omon/mlotst/gn/v20191125/,,gs://cmip6/CMIP6/CMIP/CAS/FGOALS-g3/piControl/r1i1p1f1/Omon/tos/gn/v20191126/,gs://cmip6/CMIP6/CMIP/CAS/FGOALS-g3/piControl/r1i1p1f1/Omon/sos/gn/v20191126/,,360 x 218
16,NUIST,NESM3,r1i1p1f1,gn,gs://cmip6/CMIP6/CMIP/NUIST/NESM3/piControl/r1i1p1f1/SImon/siconc/gn/v20190704/,20190704,gs://cmip6/CMIP6/CMIP/NUIST/NESM3/piControl/r1i1p1f1/Omon/so/gn/v20190704/,20190704,gs://cmip6/CMIP6/CMIP/NUIST/NESM3/piControl/r1i1p1f1/Omon/thetao/gn/v20190704/,20190704,i,j,longitude,latitude,lev,NEMO,CICE,gs://cmip6/CMIP6/CMIP/NUIST/NESM3/piControl/r1i1p1f1/Omon/hfds/gn/v20190704/,gs://cmip6/CMIP6/CMIP/NUIST/NESM3/piControl/r1i1p1f1/Omon/mlotst/gn/v20190704/,gs://cmip6/CMIP6/CMIP/NUIST/NESM3/piControl/r1i1p1f1/SImon/sithick/gn/v20190714/,gs://cmip6/CMIP6/CMIP/NUIST/NESM3/piControl/r1i1p1f1/Omon/tos/gn/v20190704/,gs://cmip6/CMIP6/CMIP/NUIST/NESM3/piControl/r1i1p1f1/Omon/sos/gn/v20190704/,,384 x 362
17,CCCma,CanESM5,r1i1p1f1,gn,gs://cmip6/CMIP6/CMIP/CCCma/CanESM5/piControl/r1i1p1f1/SImon/siconc/gn/v20190429/,20190429,gs://cmip6/CMIP6/CMIP/CCCma/CanESM5/piControl/r1i1p1f1/Omon/so/gn/v20190429/,20190429,gs://cmip6/CMIP6/CMIP/CCCma/CanESM5/piControl/r1i1p1f1/Omon/thetao/gn/v20190429/,20190429,i,j,longitude,latitude,lev,NEMO,LIM,gs://cmip6/CMIP6/CMIP/CCCma/CanESM5/piControl/r1i1p1f1/Omon/hfds/gn/v20190429/,gs://cmip6/CMIP6/CMIP/CCCma/CanESM5/piControl/r1i1p1f1/Omon/mlotst/gn/v20190429/,gs://cmip6/CMIP6/CMIP/CCCma/CanESM5/piControl/r1i1p2f1/SImon/sithick/gn/v20190429/,gs://cmip6/CMIP6/CMIP/CCCma/CanESM5/piControl/r1i1p1f1/Omon/tos/gn/v20190429/,gs://cmip6/CMIP6/CMIP/CCCma/CanESM5/piControl/r1i1p1f1/Omon/sos/gn/v20190429/,,361 x 290
18,CCCma,CanESM5-1,r1i1p1f1,gn,,,,,,,i,j,longitude,latitude,lev,NEMO,LIM,,,,,,,361 x 290
19,CCCma,CanESM5-CanOE,r1i1p2f1,gn,gs://cmip6/CMIP6/CMIP/CCCma/CanESM5-CanOE/piControl/r1i1p2f1/SImon/siconc/gn/v20190429/,20190429,gs://cmip6/CMIP6/CMIP/CCCma/CanESM5-CanOE/piControl/r1i1p2f1/Omon/so/gn/v20190429/,20190429,gs://cmip6/CMIP6/CMIP/CCCma/CanESM5-CanOE/piControl/r1i1p2f1/Omon/thetao/gn/v20190429/,20190429,i,j,longitude,latitude,lev,NEMO,LIM,gs://cmip6/CMIP6/CMIP/CCCma/CanESM5-CanOE/piControl/r1i1p2f1/Omon/hfds/gn/v20190429/,gs://cmip6/CMIP6/CMIP/CCCma/CanESM5-CanOE/piControl/r1i1p2f1/Omon/mlotst/gn/v20190429/,,gs://cmip6/CMIP6/CMIP/CCCma/CanESM5-CanOE/piControl/r1i1p2f1/Omon/tos/gn/v20190429/,gs://cmip6/CMIP6/CMIP/CCCma/CanESM5-CanOE/piControl/r1i1p2f1/Omon/sos/gn/v20190429/,,361 x 290
30,MOHC,HadGEM3-GC31-LL,r1i1p1f1,gn,gs://cmip6/CMIP6/CMIP/MOHC/HadGEM3-GC31-LL/piControl/r1i1p1f1/SImon/siconc/gn/v20211103,20190628,gs://cmip6/CMIP6/CMIP/MOHC/HadGEM3-GC31-LL/piControl/r1i1p1f1/Omon/so/gn/v20190628/,20190628,gs://cmip6/CMIP6/CMIP/MOHC/HadGEM3-GC31-LL/piControl/r1i1p1f1/Omon/thetao/gn/v20190628/,20190628,i,j,longitude,latitude,lev,NEMO,CICE,gs://cmip6/CMIP6/CMIP/MOHC/HadGEM3-GC31-LL/piControl/r1i1p1f1/Omon/hfds/gn/v20190628/,gs://cmip6/CMIP6/CMIP/MOHC/HadGEM3-GC31-LL/piControl/r1i1p1f1/Omon/mlotst/gn/v20211103/,gs://cmip6/CMIP6/CMIP/MOHC/HadGEM3-GC31-LL/piControl/r1i1p1f1/SImon/sithick/gn/v20200330/,gs://cmip6/CMIP6/CMIP/MOHC/HadGEM3-GC31-LL/piControl/r1i1p1f1/Omon/tos/gn/v20211103/,gs://cmip6/CMIP6/CMIP/MOHC/HadGEM3-GC31-LL/piControl/r1i1p1f1/Omon/sos/gn/v20211103/,gs://cmip6/CMIP6/CMIP/MOHC/HadGEM3-GC31-LL/piControl/r1i1p1f1/SImon/sivol/gn/v20200330/,360 x 330
31,MOHC,HadGEM3-GC31-MM,r1i1p1f1,gn,gs://cmip6/CMIP6/CMIP/MOHC/HadGEM3-GC31-MM/piControl/r1i1p1f1/SImon/siconc/gn/v20191204/,20191204,gs://cmip6/CMIP6/CMIP/MOHC/HadGEM3-GC31-MM/piControl/r1i1p1f1/Omon/so/gn/v20200107/,20200107,gs://cmip6/CMIP6/CMIP/MOHC/HadGEM3-GC31-MM/piControl/r1i1p1f1/Omon/thetao/gn/v20200107/,20200107,i,j,longitude,latitude,lev,NEMO,CICE,gs://cmip6/CMIP6/CMIP/MOHC/HadGEM3-GC31-MM/piControl/r1i1p1f1/Omon/hfds/gn/v20191204/,gs://cmip6/CMIP6/CMIP/MOHC/HadGEM3-GC31-MM/piControl/r1i1p1f1/Omon/mlotst/gn/v20191204/,,gs://cmip6/CMIP6/CMIP/MOHC/HadGEM3-GC31-MM/piControl/r1i1p1f1/Omon/tos/gn/v20191204/,gs://cmip6/CMIP6/CMIP/MOHC/HadGEM3-GC31-MM/piControl/r1i1p1f1/Omon/sos/gn/v20191204/,gs://cmip6/CMIP6/CMIP/MOHC/HadGEM3-GC31-MM/piControl/r1i1p1f1/SImon/sivol/gn/v20191204/,"1,440 x 1,205"
32,MOHC,UKESM1-0-LL,r1i1p1f2,gn,gs://cmip6/CMIP6/CMIP/MOHC/UKESM1-0-LL/piControl/r1i1p1f2/SImon/siconc/gn/v20200828/,20200828,gs://cmip6/CMIP6/CMIP/MOHC/UKESM1-0-LL/piControl/r1i1p1f2/Omon/so/gn/v20190827/,20190827,gs://cmip6/CMIP6/CMIP/MOHC/UKESM1-0-LL/piControl/r1i1p1f2/Omon/thetao/gn/v20190827/,20190827,i,j,longitude,latitude,lev,NEMO,CICE,gs://cmip6/CMIP6/CMIP/MOHC/UKESM1-0-LL/piControl/r1i1p1f2/Omon/hfds/gn/v20200828/,gs://cmip6/CMIP6/CMIP/MOHC/UKESM1-0-LL/piControl/r1i1p1f2/Omon/mlotst/gn/v20200828/,gs://cmip6/CMIP6/CMIP/MOHC/UKESM1-0-LL/piControl/r1i1p1f2/SImon/sithick/gn/v20200828/,gs://cmip6/CMIP6/CMIP/MOHC/UKESM1-0-LL/piControl/r1i1p1f2/Omon/tos/gn/v20200828/,gs://cmip6/CMIP6/CMIP/MOHC/UKESM1-0-LL/piControl/r1i1p1f2/Omon/sos/gn/v20200828/,gs://cmip6/CMIP6/CMIP/MOHC/UKESM1-0-LL/piControl/r1i1p1f2/SImon/sivol/gn/v20200828/,360 x 330
33,MOHC,UKESM1-1-LL,r1i1p1f2,gn,,,,,,,i,j,longitude,latitude,lev,NEMO,CICE,,,,,,,360 x 330
22,EC-Earth-Consortium,EC-Earth3,r1i1p1f1,gn,gs://cmip6/CMIP6/CMIP/EC-Earth-Consortium/EC-Earth3/piControl/r1i1p1f1/SImon/siconc/gn/v20200918/,20200918,gs://cmip6/CMIP6/CMIP/EC-Earth-Consortium/EC-Earth3/piControl/r1i1p1f1/Omon/so/gn/v20200918/,20200918,gs://cmip6/CMIP6/CMIP/EC-Earth-Consortium/EC-Earth3/piControl/r1i1p1f1/Omon/thetao/gn/v20200918/,20200918,i,j,longitude,latitude,lev,NEMO,LIM,gs://cmip6/CMIP6/CMIP/EC-Earth-Consortium/EC-Earth3/piControl/r1i1p1f1/Omon/hfds/gn/v20200918/,gs://cmip6/CMIP6/CMIP/EC-Earth-Consortium/EC-Earth3/piControl/r1i1p1f1/Omon/mlotst/gn/v20200918/,gs://cmip6/CMIP6/CMIP/EC-Earth-Consortium/EC-Earth3/piControl/r1i1p1f1/SImon/sithick/gn/v20200918/,gs://cmip6/CMIP6/CMIP/EC-Earth-Consortium/EC-Earth3/piControl/r1i1p1f1/Omon/tos/gn/v20200918/,gs://cmip6/CMIP6/CMIP/EC-Earth-Consortium/EC-Earth3/piControl/r1i1p1f1/Omon/sos/gn/v20200918/,gs://cmip6/CMIP6/CMIP/EC-Earth-Consortium/EC-Earth3/piControl/r1i1p1f1/SImon/sivol/gn/v20200918/,362 x 292 
23,EC-Earth-Consortium,EC-Earth3-CC,r1i1p1f1,gn,gs://cmip6/CMIP6/CMIP/EC-Earth-Consortium/EC-Earth3-CC/piControl/r1i1p1f1/SImon/siconc/gn/v20210331/,20210331,,,,,i,j,longitude,latitude,lev,NEMO,LIM,,gs://cmip6/CMIP6/CMIP/EC-Earth-Consortium/EC-Earth3-CC/piControl/r1i1p1f1/Omon/mlotst/gn/v20210416/,,gs://cmip6/CMIP6/CMIP/EC-Earth-Consortium/EC-Earth3-CC/piControl/r1i1p1f1/Omon/tos/gn/v20210416/,gs://cmip6/CMIP6/CMIP/EC-Earth-Consortium/EC-Earth3-CC/piControl/r1i1p1f1/Omon/sos/gn/v20210416/,,362 x 292 
24,EC-Earth-Consortium,EC-Earth3-Veg,r1i1p1f1,gn,gs://cmip6/CMIP6/CMIP/EC-Earth-Consortium/EC-Earth3-Veg/piControl/r1i1p1f1/SImon/siconc/gn/v20210419/,20210419,gs://cmip6/CMIP6/CMIP/EC-Earth-Consortium/EC-Earth3-Veg/piControl/r1i1p1f1/Omon/so/gn/v20200919,20200919,gs://cmip6/CMIP6/CMIP/EC-Earth-Consortium/EC-Earth3-Veg/piControl/r1i1p1f1/Omon/thetao/gn/v20200919,20200919,i,j,longitude,latitude,lev,NEMO,LIM,gs://cmip6/CMIP6/CMIP/EC-Earth-Consortium/EC-Earth3-Veg/piControl/r1i1p1f1/Omon/hfds/gn/v20200919/,gs://cmip6/CMIP6/CMIP/EC-Earth-Consortium/EC-Earth3-Veg/piControl/r1i1p1f1/Omon/mlotst/gn/v20210419/,gs://cmip6/CMIP6/CMIP/EC-Earth-Consortium/EC-Earth3-Veg/piControl/r1i1p1f1/SImon/sithick/gn/v20200919/,gs://cmip6/CMIP6/CMIP/EC-Earth-Consortium/EC-Earth3-Veg/piControl/r1i1p1f1/Omon/tos/gn/v20210419/,gs://cmip6/CMIP6/CMIP/EC-Earth-Consortium/EC-Earth3-Veg/piControl/r1i1p1f1/Omon/sos/gn/v20210419/,,362 x 292 
25,EC-Earth-Consortium,EC-Earth3-Veg-LR,r1i1p1f1,gn,gs://cmip6/CMIP6/CMIP/EC-Earth-Consortium/EC-Earth3-Veg-LR/piControl/r1i1p1f1/SImon/siconc/gn/v20200919/,20200919,,,,,i,j,longitude,latitude,lev,NEMO,LIM,gs://cmip6/CMIP6/CMIP/EC-Earth-Consortium/EC-Earth3-Veg-LR/piControl/r1i1p1f1/Omon/hfds/gn/v20200919/,gs://cmip6/CMIP6/CMIP/EC-Earth-Consortium/EC-Earth3-Veg-LR/piControl/r1i1p1f1/Omon/mlotst/gn/v20200919/,gs://cmip6/CMIP6/CMIP/EC-Earth-Consortium/EC-Earth3-Veg-LR/piControl/r1i1p1f1/SImon/sithick/gn/v20200919/,gs://cmip6/CMIP6/CMIP/EC-Earth-Consortium/EC-Earth3-Veg-LR/piControl/r1i1p1f1/Omon/tos/gn/v20200919/,gs://cmip6/CMIP6/CMIP/EC-Earth-Consortium/EC-Earth3-Veg-LR/piControl/r1i1p1f1/Omon/sos/gn/v20200919/,gs://cmip6/CMIP6/CMIP/EC-Earth-Consortium/EC-Earth3-Veg-LR/piControl/r1i1p1f1/SImon/sivol/gn/v20200919/,362 x 292 
26,EC-Earth-Consortium,EC-Earth3-AerChem,r1i1p1f1,gn,,,,,,,i,j,longitude,latitude,lev,NEMO,LIM,,,,,,,362 x 292 
27,CNRM-CERFACS,CNRM-CM6-1,r1i1p1f2,gn,gs://cmip6/CMIP6/CMIP/CNRM-CERFACS/CNRM-CM6-1/piControl/r1i1p1f2/SImon/siconc/gn/v20180814/,20180814,gs://cmip6/CMIP6/CMIP/CNRM-CERFACS/CNRM-CM6-1/piControl/r1i1p1f2/Omon/so/gn/v20180814/,20180814,gs://cmip6/CMIP6/CMIP/CNRM-CERFACS/CNRM-CM6-1/piControl/r1i1p1f2/Omon/thetao/gn/v20180814/,20180814,x,y,lon,lat,lev,NEMO,GELATO,gs://cmip6/CMIP6/CMIP/CNRM-CERFACS/CNRM-CM6-1/piControl/r1i1p1f2/Omon/hfds/gn/v20180814/,gs://cmip6/CMIP6/CMIP/CNRM-CERFACS/CNRM-CM6-1/piControl/r1i1p1f2/Omon/mlotst/gn/v20180814/,,gs://cmip6/CMIP6/CMIP/CNRM-CERFACS/CNRM-CM6-1/piControl/r1i1p1f2/Omon/tos/gn/v20180814/,gs://cmip6/CMIP6/CMIP/CNRM-CERFACS/CNRM-CM6-1/piControl/r1i1p1f2/Omon/sos/gn/v20180814/,,362 x 294
28,CNRM-CERFACS,CNRM-CM6-1-HR,r1i1p1f2,gn,gs://cmip6/CMIP6/CMIP/CNRM-CERFACS/CNRM-CM6-1-HR/piControl/r1i1p1f2/SImon/siconc/gn/v20191021/,20191021,gs://cmip6/CMIP6/CMIP/CNRM-CERFACS/CNRM-CM6-1-HR/piControl/r1i1p1f2/Omon/so/gn/v20191021/,20191021,gs://cmip6/CMIP6/CMIP/CNRM-CERFACS/CNRM-CM6-1-HR/piControl/r1i1p1f2/Omon/thetao/gn/v20191021/,20191021,x,y,lon,lat,lev,NEMO,GELATO,gs://cmip6/CMIP6/CMIP/CNRM-CERFACS/CNRM-CM6-1-HR/piControl/r1i1p1f2/Omon/hfds/gn/v20191021/,gs://cmip6/CMIP6/CMIP/CNRM-CERFACS/CNRM-CM6-1-HR/piControl/r1i1p1f2/Omon/mlotst/gn/v20191021/,gs://cmip6/CMIP6/CMIP/CNRM-CERFACS/CNRM-CM6-1-HR/piControl/r1i1p1f2/SImon/sithick/gn/v20191021/,gs://cmip6/CMIP6/CMIP/CNRM-CERFACS/CNRM-CM6-1-HR/piControl/r1i1p1f2/Omon/tos/gn/v20191021/,gs://cmip6/CMIP6/CMIP/CNRM-CERFACS/CNRM-CM6-1-HR/piControl/r1i1p1f2/Omon/sos/gn/v20191021/,,1442 x 1050
29,CNRM-CERFACS,CNRM-ESM2-1,r1i1p1f2,gn,gs://cmip6/CMIP6/CMIP/CNRM-CERFACS/CNRM-ESM2-1/piControl/r1i1p1f2/SImon/siconc/gn/v20181115/,20181115,gs://cmip6/CMIP6/CMIP/CNRM-CERFACS/CNRM-ESM2-1/piControl/r1i1p1f2/Omon/so/gn/v20181115/,20181115,gs://cmip6/CMIP6/CMIP/CNRM-CERFACS/CNRM-ESM2-1/piControl/r1i1p1f2/Omon/thetao/gn/v20181115/,20181115,x,y,lon,lat,lev,NEMO,GELATO,gs://cmip6/CMIP6/CMIP/CNRM-CERFACS/CNRM-ESM2-1/piControl/r1i1p1f2/Omon/hfds/gn/v20181115/,gs://cmip6/CMIP6/CMIP/CNRM-CERFACS/CNRM-ESM2-1/piControl/r1i1p1f2/Omon/mlotst/gn/v20181115/,gs://cmip6/CMIP6/CMIP/CNRM-CERFACS/CNRM-ESM2-1/piControl/r1i1p1f2/SImon/sithick/gn/v20181115/,gs://cmip6/CMIP6/CMIP/CNRM-CERFACS/CNRM-ESM2-1/piControl/r1i1p1f2/Omon/tos/gn/v20181115/,gs://cmip6/CMIP6/CMIP/CNRM-CERFACS/CNRM-ESM2-1/piControl/r1i1p1f2/Omon/sos/gn/v20181115/,gs://cmip6/CMIP6/CMIP/CNRM-CERFACS/CNRM-ESM2-1/piControl/r1i1p1f2/SImon/sivol/gn/v20181115/,362 x 294
20,CMCC,CMCC-CM2-SR5,r1i1p1f1,gn,gs://cmip6/CMIP6/CMIP/CMCC/CMCC-CM2-SR5/piControl/r1i1p1f1/SImon/siconc/gn/v20200616/,20200616,gs://cmip6/CMIP6/CMIP/CMCC/CMCC-CM2-SR5/piControl/r1i1p1f1/Omon/so/gn/v20200616/,20200616,gs://cmip6/CMIP6/CMIP/CMCC/CMCC-CM2-SR5/piControl/r1i1p1f1/Omon/thetao/gn/v20200616/,20200616,i,j,longitude,latitude,lev,NEMO,CICE,gs://cmip6/CMIP6/CMIP/CMCC/CMCC-CM2-SR5/piControl/r1i1p1f1/Omon/hfds/gn/v20200616/,gs://cmip6/CMIP6/CMIP/CMCC/CMCC-CM2-SR5/piControl/r1i1p1f1/Omon/mlotst/gn/v20200616/,gs://cmip6/CMIP6/CMIP/CMCC/CMCC-CM2-SR5/piControl/r1i1p1f1/SImon/sithick/gn/v20200616/,gs://cmip6/CMIP6/CMIP/CMCC/CMCC-CM2-SR5/piControl/r1i1p1f1/Omon/tos/gn/v20200616/,gs://cmip6/CMIP6/CMIP/CMCC/CMCC-CM2-SR5/piControl/r1i1p1f1/Omon/sos/gn/v20200616/,gs://cmip6/CMIP6/CMIP/CMCC/CMCC-CM2-SR5/piControl/r1i1p1f1/SImon/sivol/gn/v20200616/,362 x 292
21,CMCC,CMCC-ESM2,r1i1p1f1,gn,gs://cmip6/CMIP6/CMIP/CMCC/CMCC-ESM2/piControl/r1i1p1f1/SImon/siconc/gn/v20210304/,20210304,gs://cmip6/CMIP6/CMIP/CMCC/CMCC-ESM2/piControl/r1i1p1f1/Omon/so/gn/v20210304/,20210304,gs://cmip6/CMIP6/CMIP/CMCC/CMCC-ESM2/piControl/r1i1p1f1/Omon/thetao/gn/v20210304/,20210304,i,j,longitude,latitude,lev,NEMO,CICE,gs://cmip6/CMIP6/CMIP/CMCC/CMCC-ESM2/piControl/r1i1p1f1/Omon/hfds/gn/v20210304/,gs://cmip6/CMIP6/CMIP/CMCC/CMCC-ESM2/piControl/r1i1p1f1/Omon/mlotst/gn/v20210304/,gs://cmip6/CMIP6/CMIP/CMCC/CMCC-ESM2/piControl/r1i1p1f1/SImon/sithick/gn/v20210304/,gs://cmip6/CMIP6/CMIP/CMCC/CMCC-ESM2/piControl/r1i1p1f1/Omon/tos/gn/v20210304/,gs://cmip6/CMIP6/CMIP/CMCC/CMCC-ESM2/piControl/r1i1p1f1/Omon/sos/gn/v20210304/,gs://cmip6/CMIP6/CMIP/CMCC/CMCC-ESM2/piControl/r1i1p1f1/SImon/sivol/gn/v20210304/,362 x 292
34,IPSL,IPSL-CM6A-LR,r1i1p1f1,gn,,,gs://cmip6/CMIP6/CMIP/IPSL/IPSL-CM6A-LR/piControl/r1i1p1f1/Omon/so/gn/v20200326/,20200326,gs://cmip6/CMIP6/CMIP/IPSL/IPSL-CM6A-LR/piControl/r1i1p1f1/Omon/thetao/gn/v20200326/,20200326,x,y,nav_lon,nav_lat,olevel,NEMO,LIM,gs://cmip6/CMIP6/CMIP/IPSL/IPSL-CM6A-LR/piControl/r1i1p1f1/Omon/hfds/gn/v20200326/,,gs://cmip6/CMIP6/CMIP/IPSL/IPSL-CM6A-LR/piControl/r1i1p1f1/SImon/sithick/gn/v20200326/,gs://cmip6/CMIP6/CMIP/IPSL/IPSL-CM6A-LR/piControl/r1i1p1f1/Omon/tos/gn/v20200326/,gs://cmip6/CMIP6/CMIP/IPSL/IPSL-CM6A-LR/piControl/r1i1p1f1/Omon/sos/gn/v20200326/,gs://cmip6/CMIP6/CMIP/IPSL/IPSL-CM6A-LR/piControl/r1i1p1f1/SImon/sivol/gn/v20200326/,362 x 332
35,IPSL,IPSL-CM6A-MR1,r1i1p1f1,gn,,,,,,,x,y,nav_lon,nav_lat,olevel,NEMO,LIM,,,,,,,362 x 332
36,NASA-GISS,GISS-E2-1-H,r1i1p1f1,gr,gs://cmip6/CMIP6/CMIP/NASA-GISS/GISS-E2-1-H/piControl/r1i1p1f1/SImon/siconc/gr/v20190410/,20190410,gs://cmip6/CMIP6/CMIP/NASA-GISS/GISS-E2-1-H/piControl/r1i1p1f1/Omon/so/gr/v20190410/,20190410,gs://cmip6/CMIP6/CMIP/NASA-GISS/GISS-E2-1-H/piControl/r1i1p1f1/Omon/thetao/gr/v20190410/,20190410,lon,lat,,,lev,HYCOM,GISS SI,gs://cmip6/CMIP6/CMIP/NASA-GISS/GISS-E2-1-H/piControl/r1i1p1f1/Omon/hfds/gn/v20190410/,,gs://cmip6/CMIP6/CMIP/NASA-GISS/GISS-E2-1-H/piControl/r1i1p1f1/SImon/sithick/gn/v20190410/,gs://cmip6/CMIP6/CMIP/NASA-GISS/GISS-E2-1-H/piControl/r1i1p1f1/Omon/tos/gn/v20190410/,gs://cmip6/CMIP6/CMIP/NASA-GISS/GISS-E2-1-H/piControl/r1i1p1f1/Omon/sos/gn/v20190410/,gs://cmip6/CMIP6/CMIP/NASA-GISS/GISS-E2-1-H/piControl/r1i1p1f1/SImon/sivol/gn/v20190410/,360 x 180
37,E3SM-Project,E3SM-1-0,r1i1p1f1,gr,gs://cmip6/CMIP6/CMIP/E3SM-Project/E3SM-1-0/piControl/r1i1p1f1/SImon/siconc/gr/v20191210/,20191210,gs://cmip6/CMIP6/CMIP/E3SM-Project/E3SM-1-0/piControl/r1i1p1f1/Omon/so/gr/v20200129/,20200129,gs://cmip6/CMIP6/CMIP/E3SM-Project/E3SM-1-0/piControl/r1i1p1f1/Omon/thetao/gr/v20200129/,20200129,lon,lat,,,lev,MPAS-Ocean,MPAS-Seaice,gs://cmip6/CMIP6/CMIP/E3SM-Project/E3SM-1-0/piControl/r1i1p1f1/Omon/hfds/gr/v20191007/,gs://cmip6/CMIP6/CMIP/E3SM-Project/E3SM-1-0/piControl/r1i1p1f1/Omon/mlotst/gr/v20200129/,gs://cmip6/CMIP6/CMIP/E3SM-Project/E3SM-1-0/piControl/r1i1p1f1/SImon/sithick/gr/v20190620/,gs://cmip6/CMIP6/CMIP/E3SM-Project/E3SM-1-0/piControl/r1i1p1f1/Omon/tos/gr/v20200129/,gs://cmip6/CMIP6/CMIP/E3SM-Project/E3SM-1-0/piControl/r1i1p1f1/Omon/sos/gr/v20191007/,,235160 cells
38,E3SM-Project,E3SM-2-0,r1i1p1f1,gr,,,,,,,lon,lat,,,lev,MPAS-Ocean,MPAS-Seaice,,,,,,,236853 cells
39,E3SM-Project,E3SM-2-0-NARRM,r1i1p1f1,gr,,,,,,,lon,lat,,,lev,MPAS-Ocean,MPAS-Seaice,,,,,,,236853 cells
40,NCC,NorCPM1,r1i1p1f1,gn,gs://cmip6/CMIP6/CMIP/NCC/NorCPM1/piControl/r1i1p1f1/SImon/siconc/gn/v20190914/,20190914,gs://cmip6/CMIP6/CMIP/NCC/NorCPM1/piControl/r1i1p1f1/Omon/so/gr/v20190914/,20190914,gs://cmip6/CMIP6/CMIP/NCC/NorCPM1/piControl/r1i1p1f1/Omon/thetao/gr/v20190914/,20190914,i,j,longitude,latitude,lev,MICOM,CICE,gs://cmip6/CMIP6/CMIP/NCC/NorCPM1/piControl/r1i1p1f1/Omon/hfds/gn/v20190914/,gs://cmip6/CMIP6/CMIP/NCC/NorCPM1/piControl/r1i1p1f1/Omon/mlotst/gn/v20190914/,gs://cmip6/CMIP6/CMIP/NCC/NorCPM1/piControl/r1i1p1f1/SImon/sithick/gn/v20190914/,gs://cmip6/CMIP6/CMIP/NCC/NorCPM1/piControl/r1i1p1f1/Omon/tos/gn/v20190914/,gs://cmip6/CMIP6/CMIP/NCC/NorCPM1/piControl/r1i1p1f1/Omon/sos/gn/v20190914/,,320 x 384
41,NCC,NorESM2-MM,r1i1p1f1,gr,gs://cmip6/CMIP6/CMIP/NCC/NorESM2-MM/piControl/r1i1p1f1/SImon/siconc/gn/v20191108/,20191108,gs://cmip6/CMIP6/CMIP/NCC/NorESM2-MM/piControl/r1i1p1f1/Omon/so/gr/v20191108,20191108,gs://cmip6/CMIP6/CMIP/NCC/NorESM2-MM/piControl/r1i1p1f1/Omon/thetao/gr/v20191108,20191108,i,j,longitude,latitude,lev,MICOM,CICE,,,gs://cmip6/CMIP6/CMIP/NCC/NorESM2-MM/piControl/r1i1p1f1/SImon/sithick/gn/v20191108/,gs://cmip6/CMIP6/CMIP/NCC/NorESM2-MM/piControl/r1i1p1f1/Omon/tos/gn/v20191108/,gs://cmip6/CMIP6/CMIP/NCC/NorESM2-MM/piControl/r1i1p1f1/Omon/sos/gn/v20191108/,,360 x 384
42,NCC,NorESM2-LM,r1i1p1f1,gn,,,gs://cmip6/CMIP6/CMIP/NCC/NorESM2-LM/piControl/r1i1p1f1/Omon/so/gr/v20210118,20210118,gs://cmip6/CMIP6/CMIP/NCC/NorESM2-LM/piControl/r1i1p1f1/Omon/thetao/gr/v20210118,20210118,i,j,longitude,latitude,lev,MICOM,CICE,gs://cmip6/CMIP6/CMIP/NCC/NorESM2-LM/piControl/r1i1p1f1/Omon/hfds/gn/v20210118/,gs://cmip6/CMIP6/CMIP/NCC/NorESM2-LM/piControl/r1i1p1f1/Omon/mlotst/gn/v20210118/,,gs://cmip6/CMIP6/CMIP/NCC/NorESM2-LM/piControl/r1i1p1f1/Omon/tos/gn/v20210118/,gs://cmip6/CMIP6/CMIP/NCC/NorESM2-LM/piControl/r1i1p1f1/Omon/sos/gn/v20210118/,,360 x 384
43,HAMMOZ-Consortium,MPI-ESM-1-2-HAM,r1i1p1f1,gn,gs://cmip6/CMIP6/CMIP/HAMMOZ-Consortium/MPI-ESM-1-2-HAM/piControl/r1i1p1f1/SImon/siconc/gn/v20200120/,20200120,,,,,i,j,longitude,latitude,lev,MPIOM,MPI,,gs://cmip6/CMIP6/CMIP/HAMMOZ-Consortium/MPI-ESM-1-2-HAM/piControl/r1i1p1f1/Omon/mlotst/gn/v20200120/,,gs://cmip6/CMIP6/CMIP/HAMMOZ-Consortium/MPI-ESM-1-2-HAM/piControl/r1i1p1f1/Omon/tos/gn/v20200120/,gs://cmip6/CMIP6/CMIP/HAMMOZ-Consortium/MPI-ESM-1-2-HAM/piControl/r1i1p1f1/Omon/sos/gn/v20200120/,,256 x 220
44,MPI-M,MPI-ESM1-2-HR,r1i1p1f1,gn,gs://cmip6/CMIP6/CMIP/MPI-M/MPI-ESM1-2-HR/piControl/r1i1p1f1/SImon/siconc/gn/v20190710/,20190710,gs://cmip6/CMIP6/CMIP/MPI-M/MPI-ESM1-2-HR/piControl/r1i1p1f1/Omon/so/gn/v20190710/,20190710,gs://cmip6/CMIP6/CMIP/MPI-M/MPI-ESM1-2-HR/piControl/r1i1p1f1/Omon/thetao/gn/v20190710/,20190710,i,j,longitude,latitude,lev,MPIOM,MPI,gs://cmip6/CMIP6/CMIP/MPI-M/MPI-ESM1-2-HR/piControl/r1i1p1f1/Omon/hfds/gn/v20190710/,gs://cmip6/CMIP6/CMIP/MPI-M/MPI-ESM1-2-HR/piControl/r1i1p1f1/Omon/mlotst/gn/v20190710/,gs://cmip6/CMIP6/CMIP/MPI-M/MPI-ESM1-2-HR/piControl/r1i1p1f1/SImon/sithick/gn/v20190710/,gs://cmip6/CMIP6/CMIP/MPI-M/MPI-ESM1-2-HR/piControl/r1i1p1f1/Omon/tos/gn/v20190710/,gs://cmip6/CMIP6/CMIP/MPI-M/MPI-ESM1-2-HR/piControl/r1i1p1f1/Omon/sos/gn/v20190710/,gs://cmip6/CMIP6/CMIP/MPI-M/MPI-ESM1-2-HR/piControl/r1i1p1f1/SImon/sivol/gn/v20190710/,820 x 404
45,MPI-M,MPI-ESM1-2-LR,r1i1p1f1,gn,gs://cmip6/CMIP6/CMIP/MPI-M/MPI-ESM1-2-LR/piControl/r1i1p1f1/SImon/siconc/gn/v20190710/,20190710,gs://cmip6/CMIP6/CMIP/MPI-M/MPI-ESM1-2-LR/piControl/r1i1p1f1/Omon/so/gn/v20190710/,20190710,gs://cmip6/CMIP6/CMIP/MPI-M/MPI-ESM1-2-LR/piControl/r1i1p1f1/Omon/thetao/gn/v20190710/,20190710,i,j,longitude,latitude,lev,MPIOM,MPI,gs://cmip6/CMIP6/CMIP/MPI-M/MPI-ESM1-2-LR/piControl/r1i1p1f1/Omon/hfds/gn/v20190710/,gs://cmip6/CMIP6/CMIP/MPI-M/MPI-ESM1-2-LR/piControl/r1i1p1f1/Omon/mlotst/gn/v20190710/,gs://cmip6/CMIP6/CMIP/MPI-M/MPI-ESM1-2-LR/piControl/r1i1p1f1/SImon/sithick/gn/v20190710/,gs://cmip6/CMIP6/CMIP/MPI-M/MPI-ESM1-2-LR/piControl/r1i1p1f1/Omon/tos/gn/v20190710/,gs://cmip6/CMIP6/CMIP/MPI-M/MPI-ESM1-2-LR/piControl/r1i1p1f1/Omon/sos/gn/v20190710/,gs://cmip6/CMIP6/CMIP/MPI-M/MPI-ESM1-2-LR/piControl/r1i1p1f1/SImon/sivol/gn/v20190710/,256 x 220
46,MIROC,MIROC6,r1i1p1f1,gn,gs://cmip6/CMIP6/CMIP/MIROC/MIROC6/piControl/r1i1p1f1/SImon/siconc/gn/v20181212/,20181212,gs://cmip6/CMIP6/CMIP/MIROC/MIROC6/piControl/r1i1p1f1/Omon/so/gn/v20190311/,20190311,gs://cmip6/CMIP6/CMIP/MIROC/MIROC6/piControl/r1i1p1f1/Omon/thetao/gn/v20190311/,20190311,x,y,longitude,latitude,lev,COCO,COCO,,gs://cmip6/CMIP6/CMIP/MIROC/MIROC6/piControl/r1i1p1f1/Omon/mlotst/gn/v20210129/,gs://cmip6/CMIP6/CMIP/MIROC/MIROC6/piControl/r1i1p1f1/SImon/sithick/gn/v20181212/,gs://cmip6/CMIP6/CMIP/MIROC/MIROC6/piControl/r1i1p1f1/Omon/tos/gn/v20181212/,gs://cmip6/CMIP6/CMIP/MIROC/MIROC6/piControl/r1i1p1f1/Omon/sos/gn/v20181212/,,360 x 256
47,MIROC,MIROC-ES2L,r1i1p1f2,gn,gs://cmip6/CMIP6/CMIP/MIROC/MIROC-ES2L/piControl/r1i1p1f2/SImon/siconc/gn/v20190823/,20190823,gs://cmip6/CMIP6/CMIP/MIROC/MIROC-ES2L/piControl/r1i1p1f2/Omon/so/gn/v20190823/,20190823,gs://cmip6/CMIP6/CMIP/MIROC/MIROC-ES2L/piControl/r1i1p1f2/Omon/thetao/gn/v20190823/,20190823,x,y,longitude,latitude,lev,COCO,COCO,,,gs://cmip6/CMIP6/CMIP/MIROC/MIROC-ES2L/piControl/r1i1p1f2/SImon/sithick/gn/v20190823/,gs://cmip6/CMIP6/CMIP/MIROC/MIROC-ES2L/piControl/r1i1p1f2/Omon/tos/gn/v20190823/,gs://cmip6/CMIP6/CMIP/MIROC/MIROC-ES2L/piControl/r1i1p1f2/Omon/sos/gn/v20190823/,,360 x 256
48,MIROC,MIROC-ES2H,r1i1p4f2,gn,,,,,,,x,y,longitude,latitude,lev,COCO,COCO,,,,,,,360 x 256
